Title,Authors,Year of Publication,DOI
Cyber-Physical Systems and Digital Twins in the Industrial Internet of Things [Cyber-Physical Systems],"Koulamas, Kalogeras",2018,10.1109/MC.2018.2876181
Digital Twin-based Anomaly Detection in Cyber-physical Systems,"Xu, Ali, Yue",2021,10.1109/ICST49551.2021.00031
Building Digital Twins of Cyber Physical Systems With Metaverse for Industry 5.0 and Beyond,"Jagatheesaperumal, Rahouti",2022,10.1109/MITP.2022.3225064
A Taxonomy of Security and Defense Mechanisms in Digital Twins-based Cyber-Physical Systems,"Hussaini, Qian, Liao, Yu",2022,10.1109/iThings-GreenCom-CPSCom-SmartData-Cybermatics55523.2022.00112
A Literature Review on Blockchain-enabled Security and Operation of Cyber-Physical Systems,"Khalil, Franco, Parvez, Uluagac, Shahriar, Rahman",2022,10.1109/COMPSAC54236.2022.00282
Towards Cybersecurity of the Smart Grid Using Digital Twins,"Olivares-Rojas, Reyes-Archundia, Gutiérrez-Gnecchi, Molina-Moreno, Cerda-Jacobo, Méndez-Patiño",2022,10.1109/MIC.2021.3063674
Designing Secure and Resilient Cyber-Physical Systems: A Model-Based Moving Target Defense Approach,"Casola, Benedictis, Mazzocca, Montanari",2024,10.1109/TETC.2022.3197464
On the Effectiveness of Recurrent Neural Networks for Live Modeling of Cyber-Physical Systems,"Yoginath, Tansakul, Chinthavali, Taylor, Hambrick, Irminger, Perumalla",2019,10.1109/ICII.2019.00062
"Security-Enhancing Digital Twins: Characteristics, Indicators, and Future Perspectives","Eckhart, Ekelhart, Allison, Almgren, Ceesay-Seitz, Janicke, Nadjm-Tehrani, Rashid, Yampolskiy",2023,10.1109/MSEC.2023.3271225
Special Issue on Digital Twins - Part 1,"Saracco, Henz",2022,10.1109/MIC.2021.3088318
A Digital Twin Runtime Verification Framework for Protecting Satellites Systems from Cyber Attacks,"Hóu, Li, Foo, Dong, Souza",2022,10.1109/ICECCS54210.2022.00022
Introduction to Digital Twin Engineering,"Feng, Gomes, Thule, Lausdahl, Iosifidis, Larsen",2021,10.23919/ANNSIM52504.2021.9552135
A Digital Twin Prototype for Product Lifecycle Data Management,"Schranz, Strohmeier, Damjanovic-Behrendt",2020,10.1109/AICCSA50499.2020.9316506
A Service-Oriented Digital Twins Framework for Smart Grid Management,Atalay,2022,10.1109/SRMC57347.2022.00006
Digital Twins and the Future of Their Use Enabling Shift Left and Shift Right Cybersecurity Operations,"Mohsin, Janicke, Nepal, Holmes",2023,10.1109/TPS-ISA58951.2023.00042
Using Cyber Digital Twins for Automated Automotive Cybersecurity Testing,"Marksteiner, Bronfman, Wolf, Lazebnik",2021,10.1109/EuroSPW54576.2021.00020
Graph Learning for Cognitive Digital Twins in Manufacturing Systems,"Mortlock, Muthirayan, Yu, Khargonekar, Faruque",2022,10.1109/TETC.2021.3132251
Privacy and Security Issues for Human Digital Twins,"Sirigu, Carminati, Ferrari",2022,10.1109/TPS-ISA56441.2022.00011
A Digital Twin for the 5G Era: the SPIDER Cyber Range,"Rebecchi, Pastor, Mozo, Lombardo, Bruschi, Aliferis, Doriguzzi-Corin, Gouvas, Romero, Angelogianni, Politis, Xenakis",2022,10.1109/WoWMoM54355.2022.00088
Digital Twins for Industrial Control Systems Security,"Francia, Hall",2021,10.1109/CSCI54926.2021.00029
Edge Centric Secure Data Sharing with Digital Twins in Smart Ecosystems,"Cathey, Benson, Gupta, Sandhu",2021,10.1109/TPSISA52974.2021.00008
LiDiTE: A Full-Fledged and Featherweight Digital Twin Framework,"Russo, Costa, Longo, Armando, Merlo",2023,10.1109/TDSC.2023.3236798
Cyber-Physical Cloud Manufacturing Systems With Digital Twins,"Nguyen, Zeadally, Vuduthala",2022,10.1109/MIC.2021.3058921
Process Prediction with Digital Twins,"Brockhoff, Heithoff, Koren, Michael, Pfeiffer, Rumpe, Uysal, Aalst, Wortmann",2021,10.1109/MODELS-C53483.2021.00032
Digital Twin-based Intrusion Detection for Industrial Control Systems,"Varghese, Ghadim, Balador, Alimadadi, Papadimitratos",2022,10.1109/PerComWorkshops53856.2022.9767492
Harnessing Digital Twin Security Simulations for systematic Cyber Threat Intelligence,"Dietz, Schlette, Pernul",2022,10.1109/COMPSAC54236.2022.00129
Trusting Digital Twins,Laplante,2022,10.1109/MC.2022.3149448
Digital Twin in Safety-Critical Robotics Applications: Opportunities and Challenges,"Baidya, Das, Uddin, Kosek, Summers",2022,10.1109/IPCCC55026.2022.9894313
Co-simulated Digital Twin on the Network Edge: the case of platooning,"Palmieri, Quadri, Fagiolini, Rossi, Bernardeschi",2022,10.1109/WoWMoM54355.2022.00096
Empowering Citizens With Digital Twins: A Blueprint,"Kopponen, Hahto, Kettunen, Mikkonen, Makitalo, Nurmi, Rossi",2022,10.1109/MIC.2022.3159683
Digital Twin in the Military Field,"Mendi, Erol, Doğan",2022,10.1109/MIC.2021.3055153
IoTwins: Design and Implementation of a Platform for the Management of Digital Twins in Industrial Scenarios,"Borghesi, Modica, Bellavista, Gowtham, Willner, Nehls, Kintzler, Cejka, Tisbeni, Costantini, Galletti, Antonacci, Ahouangonou",2021,10.1109/CCGrid51090.2021.00075
Keynote Speaker: The Metaverse: AI-Powered Universe of Persistent Digital Twins,Saddik,2023,10.1109/MIPR59079.2023.00013
IoT Platform Based on Digital Twin Modeling and Multi-Source Information Fusion,Gu,2022,10.1109/ICCSIE56462.2022.00021
MTComm Based Virtualization and Integration of Physical Machine Operations with Digital-Twins in Cyber-Physical Manufacturing Cloud,"Shahriar, Sunny, Liu, Leu, Hu, Nguyen",2018,10.1109/CSCloud/EdgeCom.2018.00018
The Convergence of Digital Twin Technology and Personal Healthcare,Song,2023,10.1109/SNPD-Winter57765.2023.10223866
Attributes Based Bayesian Unknown Hazards Assessment for Digital Twin Empowered Autonomous Driving,"Hou, Liu, Zhang",2021,10.1109/HPCC-DSS-SmartCity-DependSys53884.2021.00137
Holistic Technologies for Managing Internet of Things Services,"Ranjan, Hsu, Chen, Georgakopoulos",2020,10.1109/TSC.2020.3000844
OpenDT: A Reference Framework for Service Publication and Discovery using Remote Programmable Digital Twins,"Shahriar, Liu, Rahman, Sunny",2020,10.1109/SCC49832.2020.00024
A Smart-Farming Ontology for Attribute Based Access Control,"Chukkapalli, Piplai, Mittal, Gupta, Joshi",2020,10.1109/BigDataSecurity-HPSC-IDS49724.2020.00017
Skilled Agricultural Task Delivery by a Digital Twin,"Kaburlasos, Lytridis, Siavalas, Tsakalidou, Tsakmakis, Kalathas, Pachidis, Rantos, Kalaboukas",2023,10.1109/CAI54212.2023.00159
Secure Asset Tracking in Manufacturing through Employing IOTA Distributed Ledger Technology,"Leivadaros, Kornaros, Coppola",2021,10.1109/CCGrid51090.2021.00091
Blockchain-Enabled Service Optimizations in Supply Chain Digital Twin,"Gai, Zhang, Qiu, Thuraisingham",2023,10.1109/TSC.2022.3192166
Digital Twins: From Conceptual Views to Industrial Applications in the Electrical Domain,"Serugendo, Cutting-Decelle, Guise, Cormenier, Khan, Hossenlopp",2022,10.1109/MC.2022.3156847
Deep Learning-Empowered Clinical Big Data Analytics in Healthcare Digital Twins,"Lv, Guo, Lv",,10.1109/TCBB.2023.3252668
Immersive Virtual Reality for Virtual and Digital Twins: A Literature Review to Identify State Of The Art and Perspectives,"Pirker, Loria, Safikhani, Künz, Rosmann",2022,10.1109/VRW55335.2022.00035
Digital Twin Based Trajectory Prediction for Platoons of Connected Intelligent Vehicles,"Du, Leng, He, Zhou",2021,10.1109/ICNP52444.2021.9651970
Developing the Factory of the Future Cybersecurity and Resilience,"Kotelba, Salonen",2022,10.1109/CNCIT56797.2022.00018
Digital Twin Operational Platform for Connectivity and Accessibility using Flask Python,"Bonney, Angelis, Wagg, Borgo",2021,10.1109/MODELS-C53483.2021.00042
Using a Cyber Digital Twin for Continuous Automotive Security Requirements Verification,"Silva, Wagner, Lazebnik, Traitel",2023,10.1109/MS.2022.3171305
Visual Cybersecurity Collaboration and Incident Exchange in Multi-Stakeholder IoT Environments,"Zhao, Silverajan",2022,10.1109/iThings-GreenCom-CPSCom-SmartData-Cybermatics55523.2022.00051
A Deep Learning Approach to Protecting Cultural Heritage Buildings Through IoT-Based Systems,"Casillo, Colace, Gupta, Lorusso, Marongiu, Santaniello",2022,10.1109/SMARTCOMP55677.2022.00063
A Blockchain-Based Cross-Domain and Autonomous Access Control Scheme for Internet of Things,"Hao, Ren, Fei, Zhu, Choo",2023,10.1109/TSC.2022.3179727
SIRDAM4.0: A Support Infrastructure for Reliable Data Acquisition and Management in Industry 4.0,"Corradi, Modica, Foschini, Patera, Solimando",2022,10.1109/TETC.2021.3111974
Simulation and Digital Twin Support for Managed Drone Applications,"Grigoropoulos, Lalis",2020,10.1109/DS-RT50469.2020.9213676
Dynamic Probabilistic Model Checking for Sensor Validation in Industry 4.0 Applications,"Xin, Keoh, Sevegnani, Saerbeck",2020,10.1109/SmartIoT49966.2020.00016
Artificial Intelligence Enabled Middleware for Distributed Cyberattacks Detection in IoT-based Smart Environments,"Bhandari, Lyth, Shalaginov, Grønli",2022,10.1109/BigData55660.2022.10020531
"Metaverse in Education: Vision, Opportunities, and Challenges","Lin, Wan, Gan, Chen, Chao",2022,10.1109/BigData55660.2022.10021004
Towards Trustworthy Autonomous Systems: Taxonomies and Future Perspectives,"Flammini, Alcaraz, Bellini, Marrone, Lopez, Bondavalli",2024,10.1109/TETC.2022.3227113
Digital Twin Networks: Learning Dynamic Network Behaviors from Network Flows,"Lin, Gel, Wu, Li, Li",2022,10.1109/ISCC55528.2022.9912864
Stochastic Digital-Twin Service Demand With Edge Response: An Incentive-Based Congestion Control Approach,"Lin, Wu, Li, Yang, Guizani",2023,10.1109/TMC.2021.3122013
Security Automation for Cloud-Based IoT Platforms,"Merzouki, Mahmoudi, Bohn, Tunc",2019,10.1109/iThings/GreenCom/CPSCom/SmartData.2019.00199
Cyber Digital Twin Simulator for Automatic Gathering and Prioritization of Security Controls’ Requirements,"Hadar, Kravchenko, Basovskiy",2020,10.1109/RE48521.2020.00035
DRIVE: A Digital Network Oracle for Cooperative Intelligent Transportation Systems,"Mavromatis, Piechocki, Sooriyabandara, Parekh",2020,10.1109/ISCC50000.2020.9219683
The Scheme and System Architecture of Product Quality Inspection based on Software-Defined Edge Intelligent Controller (SD-EIC) in Industrial Internet of Things,"Hu, He, Zhu",2022,10.1109/SmartIoT55134.2022.00019
Gotham Testbed: A Reproducible IoT Testbed for Security Experiments and Dataset Generation,"Sáez-de-Cámara, Flores, Arellano, Urbieta, Zurutuza",2024,10.1109/TDSC.2023.3247166
Attacks Opportunities in the Cyber Physical Space and the Role of Cybersecurity,"Aggarwal, Tripathi, Chottani, Tiwana",2021,10.1109/ICCMST54943.2021.00064
Side-Channel Analysis-Based Model Extraction on Intelligent CPS: An Information Theory Perspective,"Pan, Wu, Lin, Li",2021,10.1109/iThings-GreenCom-CPSCom-SmartData-Cybermatics53846.2021.00050
Threat Modelling of IoT Systems Using Distributed Ledger Technologies and IOTA,"Damianou, Khan, Angelopoulos, Katos",2021,10.1109/DCOSS52077.2021.00070
Changing the Paradigm of Control System Cybersecurity,"Weiss, Stephens, Miller",2022,10.1109/MC.2021.3138231
ELITE: An Intelligent Digital Twin-Based Hierarchical Routing Scheme for Softwarized Vehicular Networks,"Zhao, Bi, Hawbani, Yu, Zhang, Guizani",2023,10.1109/TMC.2022.3179254
Reference Architectures and Standards for the Internet of Things and Big Data in Smart Manufacturing,Ünal,2019,10.1109/FiCloud.2019.00041
Convergent Access Control to Enable Secure Smart Communities,"Bhatt, Sandhu",2020,10.1109/TPS-ISA50397.2020.00029
Digital-twin based Power Supply System Modeling and Analysis for Urban Rail Transportation,"Guo, Wu, Liang, Hu, Liu",2020,10.1109/ICEI49372.2020.00022
(Do Not) Trust in Ecosystems,"Cioroaica, Kuhn, Buhnova",2019,10.1109/ICSE-NIER.2019.00011
Building a Hardware-in-the-Loop (HiL) Digital Energy Station Infrastructure for Cyber Operation Resiliency Testing,"Jϕrgensen, Waltoft-Olsen, Houmb, Toppe, Soltvedt, Muggerud",2022,10.1145/3524489.3527299
A Middleware for Digital Twin-Enabled Flying Network Simulations Using UBSim and UB-ANC,"Moorthy, Harindranath, McManus, Guan, Mastronarde, Bentley, Medley",2022,10.1109/DCOSS54816.2022.00059
SDCWorks: A Formal Framework for Software Defined Control of Smart Manufacturing Systems,"Potok, Chen, Mitra, Mohan",2018,10.1109/ICCPS.2018.00017
An Industrial Control System Physical Testbed for Naval Defense Cybersecurity Research,"Sicard, Hotellier, Francq",2022,10.1109/EuroSPW55150.2022.00049
Assessment of a Method for Detecting Process Anomalies Using Digital-Twinning,"Sugumar, Mathur",2019,10.1109/EDCC.2019.00031
Grand Challenge: Applying Artificial Intelligence and Machine Learning to Cybersecurity,"Bresniker, Gavrilovska, Holt, Milojicic, Tran",2019,10.1109/MC.2019.2942584
Cyber Resilience for the Internet of Things: Implementations With Resilience Engines and Attack Classifications,"Alvarenga, Brands, Doliwa, Hartog, Kraft, Medwed, Nikov, Renes, Rosso, Schneider, Veshchikov",2024,10.1109/TETC.2022.3231692
RIPOSTE: A Collaborative Cyber Attack Response Framework for Automotive Systems,"Jolak, Rosenstatter, Aldaghistani, Scandariato",2022,10.1109/SEAA56994.2022.00062
Enabling Cybersecurity Incident Reporting and Coordinated Handling for Maritime Sector,"Silverajan, Vistiaho",2019,10.1109/AsiaJCIS.2019.000-1
Intrusion Detection in Binary Process Data: Introducing the Hamming-distance to Matrix Profiles,"Anton, Schotten",2020,10.1109/WoWMoM49955.2020.00065
INSpIRA: INtegrating Security Into Risk Assessment,Dobaj,2018,
HCFL: A High Compression Approach for Communication-Efficient Federated Learning in Very Large Scale IoT Networks,"Nguyen, Lee, Pham, Hoang, Nguyen, Hwang",2023,10.1109/TMC.2022.3190510
Industrial IoT and Advanced Analytics Framework: An Approach for the Mining Industry,"Moura, Ceotto, Gonzalez",2017,10.1109/CSCI.2017.228
Keynotes,No authors,2022,10.1109/ICPS55917.2022.00007
Reflections on Visualization Research Projects in the Manufacturing Industry,"Cibulski, Schmidt, Aigner",2022,10.1109/MCG.2022.3156846
Modelling Virtual Sensors for Indoor Environments with Machine Learning,"Polanski, Angelopoulos",2022,10.1109/DCOSS54816.2022.00046
DAOs & ADSs,Wright,2023,10.1109/ISADS56919.2023.10091973
Technology Predictions,Milojicic,2019,10.1109/MC.2019.2944708
Metaverse Security and Privacy: An Overview,"Chen, Wu, Gan, Qi",2022,10.1109/BigData55660.2022.10021112
Standardization: A Key Factor of Industry 4.0,"Villagrán, Estevez, Pesado, Marquez",2019,10.1109/ICEDEG.2019.8734339
Current Perspectives on Securing Critical Infrastructures’ Supply Chains,"Roman, Alcaraz, Lopez, Sakurai",2023,10.1109/MSEC.2023.3247946
Fusion of Building Information Modeling and Blockchain for Metaverse: A Survey,"Huang, Zeng, Zhao, Qiu, Wu, Fan",2022,10.1109/OJCS.2022.3206494
FaultFlow: a tool supporting an MDE approach for Timed Failure Logic Analysis,"Parri, Sampietro, Vicario",2021,10.1109/EDCC53658.2021.00011
A Fully Decentralized Infrastructure for Subscription-based IoT Data Trading,"Lin, Huang, Yuan, Yuan",2020,10.1109/Blockchain50366.2020.00027
Detecting and Preventing Faked Mixed Reality,"Kilger, Kabil, Tippmann, Klinker, Pahl",2021,10.1109/MIPR51284.2021.00074
Digital Twin-Enhanced Incident Response for Cyber-Physical Systems,"Allison, Smith, Mclaughlin",2023,https://doi.org/10.1145/3600160.3600195
CPS-IoT Week '23: Proceedings of Cyber-Physical Systems and Internet of Things Week 2023,No authors,2023,
Trust-but-Verify in Cyber-Physical Systems,Perumalla,2021,https://doi.org/10.1145/3445969.3450434
A New Layer Structure of Cyber-Physical Systems under the Era of Digital Twin,"Qian, Guo",2024,https://doi.org/10.1145/3674974
Experimentation and Implementation of the BFT++ Cyber-Attack Resilience Mechanism for Cyber-Physical Systems,"Keppler, Karim",2024,https://doi.org/10.1145/3639570
Edge Computing for Cyber-physical Systems: A Systematic Mapping Study Emphasizing Trustworthiness,Sánchez,2022,https://doi.org/10.1145/3539662
SEA4DQ 2022: Proceedings of the 2nd International Workshop on Software Engineering and AI for Data Quality in Cyber-Physical Systems/Internet of Things,"Nguyen, Sen",2022,
A Security Cost Modelling Framework for Cyber-Physical Systems,"Ivkić, Sailer",2022,https://doi.org/10.1145/3450752
Analyzing Cyber-Physical Systems from the Perspective of Artificial Intelligence,"Veith, Fischer",2020,https://doi.org/10.1145/3388218.3388222
"A References Architecture for Human Cyber Physical Systems, Part II: Fundamental Design Principles for Human-CPS Interaction","Bengler, Damm, Luedtke",2024,https://doi.org/10.1145/3622880
SaT-CPS '24: Proceedings of the 2024 ACM Workshop on Secure and Trustworthy Cyber-Physical Systems,"Gupta, Abdelsalam",2024,
Resilience and Complexity in Socio-Cyber-Physical Systems,"Szabo, Castro",2024,
SEA4DQ 2023: Proceedings of the 3rd International Workshop on Software Engineering and AI for Data Quality in Cyber-Physical Systems/Internet of Things,"Khomh, Chatterjee",2023,
A Survey on Cyber-Resilience Approaches for Cyber-Physical Systems,"Segovia-Ferreira, Rubio-Hernan",2024,https://doi.org/10.1145/3652953
"Blockchain, Internet of Things and Digital Twins in Trustless Security of Critical National Infrastructure",Hammoudeh,2021,https://doi.org/10.1145/3440749.3442650
ICCPS '23: Proceedings of the ACM/IEEE 14th International Conference on Cyber-Physical Systems (with CPS-IoT Week 2023),"Mitra, Venkatasubramanian",2023,
Employing Digital Twins for Security-by-Design System Testing,"Dietz, Hageman",2022,https://doi.org/10.1145/3510547.3517929
Software Engineering and AI for Data Quality in Cyber- Physical Systems - SEA4DQ'21 Workshop Report,"Nguyen, Sen",2022,https://doi.org/10.1145/3502771.3502781
Industrial Internet of Things Security Modelling using Ontological Methods,Jarwar,2023,https://doi.org/10.1145/3567445.3571103
SOAR4IoT: Securing IoT Assets with Digital Twins,"Empl, Schlette",2022,https://doi.org/10.1145/3538969.3538975
Digital Twin for Cybersecurity Incident Prediction: A Multivocal Literature Review,"Pokhrel, Katta",2020,https://doi.org/10.1145/3387940.3392199
Survey on Digital Twins: from concepts to applications,"Heluany, Gkioulos",2023,https://doi.org/10.1145/3600160.3605070
"Blockchain-Based Digital Twins: Research Trends, Issues, and Future Challenges","Suhail, Hussain",2022,https://doi.org/10.1145/3517189
Integrating digital twin security simulations in the security operations center,"Dietz, Vielberth",2020,https://doi.org/10.1145/3407023.3407039
An Introduction to Digital Twin Standards,"Sun, Ma, Zhou",2022,https://doi.org/10.1145/3568113.3568119
Emerging Cybersecurity Capability Gaps in the Industrial Internet of Things: Overview and Research Agenda,"Axon, Fletcher",2022,https://doi.org/10.1145/3503920
IoT '22: Proceedings of the 12th International Conference on the Internet of Things,"Niforatos, Kortuem",2023,
Digital Twin Virtualization with Machine Learning for IoT and Beyond 5G Networks: Research Directions for Security and Optimal Control,"Jagannath, Ramezanpour",2022,https://doi.org/10.1145/3522783.3529519
Towards Concepts for Climate and Energy-Oriented Digital Twins for Buildings,Doellner,2023,https://doi.org/10.1145/3611314.3616066
Digital Twin Technology: Opportunities and Challenges for Smart Era's Applications,"Tyagi, Richa",2023,https://doi.org/10.1145/3607947.3608015
"Digital twin modeling, co-simulation and cyber use-case inclusion methodology for IoT systems","Mittal, Tolk",2020,
Understanding Stakeholder Requirements for Digital Twins in Manufacturing Maintenance,Chen,2024,
Trustworthy and Efficient Digital Twins in Post-Quantum Era with Hybrid Hardware-Assisted Signatures,"Nouma, Yavuz",2024,https://doi.org/10.1145/3638250
The Digital Twins Incident Response To Improve the Security of Power System Critical Infrastructure,"Akerele, Leppert",2023,
IoT '23: Proceedings of the 13th International Conference on the Internet of Things,"Kawaguchi, Yasumoto",2024,
AIIOT '22: Proceedings of the 1st Workshop on Digital Twin & Edge AI for Industrial IoT,No authors,2022,
Exploiting Digital Twin technology for Cybersecurity Monitoring in Smart Grids,"Coppolino, Nardone",2023,https://doi.org/10.1145/3600160.3605043
BIOTC '23: Proceedings of the 2023 5th Blockchain and Internet of Things Conference,No authors,2023,
A Practitioners Perspective on Addressing Cyber Security and Variability Challenges in Modern Automotive Systems,"Zellmer, Holsten",2024,https://doi.org/10.1145/3634713.3634727
An internet of things service roadmap,"Bouguettaya, Sheng",2021,https://doi.org/10.1145/3464960
Co-Simulating Physical Processes and Network Data for High-Fidelity Cyber-Security Experiments,"Murillo, Taormina",2021,https://doi.org/10.1145/3442144.3442147
Internet of Things for Human and Industry Application: ALIOT Project and R&D Issues.,"Illiashenko, Kharchenko",2021,https://doi.org/10.1145/3437120.3437338
"IoTAAI '23: Proceedings of the 2023 5th International Conference on Internet of Things, Automation and Artificial Intelligence",No authors,2024,
IoTDI '23: Proceedings of the 8th ACM/IEEE Conference on Internet of Things Design and Implementation,No authors,2023,
A Digital Twin Environment for 5G Vehicle-to-Everything: Architecture and Open Issues,"Adarbah, Sookhak",2023,https://doi.org/10.1145/3616394.3618266
Integration of Extended Reality with a Cyber-Physical Factory Environment and its Digital Twins,"Emporio, Caputo",2024,https://doi.org/10.1145/3660246
Detection And Mitigation Of Cyber attacks that exploit human vuLnerabilitiES (DAMOCLES 2024),"Breve, Desolda",2024,https://doi.org/10.1145/3656650.3660540
Digital Shadows for Remote Automotive SW Verification,"Kaster, Ma",2023,https://doi.org/10.1145/3576914.3587488
"CNIOT '23: Proceedings of the 2023 4th International Conference on Computing, Networks and Internet of Things",No authors,2023,
The Perils of Leveraging Evil Digital Twins as Security-Enhancing Enablers,"Suhail, Iqbal, Jurdak",2023,https://doi.org/10.1145/3631539
"COVID-19: Secure Healthcare Internet of Things Networks, Current Trends and Challenges with Future Research Directions","Adil, Ali",2023,https://doi.org/10.1145/3558519
The internet of things in undergraduate computer and information science education: exploring curricula and pedagogy,"Burd, Barker",2018,https://doi.org/10.1145/3293881.3295784
Space spider: a hyper large scientific infrastructure based on digital twin for the space internet,"Li, Zhang, Hong",2022,https://doi.org/10.1145/3566099.3569007
Digital Twin Based Learning Framework for Adaptive Fault Diagnosis in Microgrids with Autonomous Reconfiguration Capabilities,"Runsewe, Yavuz",2024,
How to regulate a Digital Twin City? Insights from a Proactive Law approach: How “human in the loop” and “precautionary principles” can serve policymakers in their attempt to incorporate respect of rights and solidarity in the smart city.,Suffia,2023,https://doi.org/10.1145/3598469.3598482
Techniques for Enhancing Security in Industrial Control Systems,"Varadharajan, Tupakula",2024,https://doi.org/10.1145/3630103
A Data-Centric Approach to Generate Invariants for a Smart Grid Using Machine Learning,"Hudani, Haseeb",2022,https://doi.org/10.1145/3510547.3517927
IoT System Trustworthiness Assurance,"Beuran, Ooi",2022,https://doi.org/10.1145/3488932.3527287
Challenges for Predictive Quality in Multi-stage Manufacturing: Insights from Literature Review,"Cassoli, Metternich",2023,https://doi.org/10.1145/3617573.3618030
Ontology driven AI and Access Control Systems for Smart Fisheries,Chukkapalli,2021,https://doi.org/10.1145/3445969.3450429
CPSS '22: 8th ACM Cyber-Physical System Security Workshop,"Cardenas, Mashima",2022,https://doi.org/10.1145/3488932.3517202
A Flexible Security Analytics Service for the Industrial IoT,"Empl, Pernul",2021,https://doi.org/10.1145/3445969.3450427
Study Cybersecurity of Cyber Physical System in the Virtual Environment: A Survey and New Direction,"Shi, Krishnan, Wen",2022,https://doi.org/10.1145/3511616.3513098
A Systematic Review of Data Quality in CPS and IoT for Industry 4.0,"Goknil, Nguyen, Sen",2023,https://doi.org/10.1145/3593043
Model-based Trustworthiness Evaluation of Autonomous Cyber-Physical Production Systems: A Systematic Mapping Study,"Zahid, Bucaioni, Flammini",2024,https://doi.org/10.1145/3640314
The DYNABIC approach to resilience of critical infrastructures,"Rios, Iturbe",2023,https://doi.org/10.1145/3600160.3605055
Evaluating Cascading Impact of Attacks on Resilience of Industrial Control Systems: A Design-Centric Modeling Approach,"Hau, Castellanos",2020,https://doi.org/10.1145/3384941.3409587
Industry Focused in Data Collection: How Industry 4.0 is Handled by Big Data,"Oliveira, Afonso",2019,https://doi.org/10.1145/3352411.3352414
CODES/ISSS '23 Companion: Proceedings of the 2023 International Conference on Hardware/Software Codesign and System Synthesis,Hu,2024,
Unsupervised Dynamic Sensor Selection for IoT-Based Predictive Maintenance of a Fleet of Public Transport Buses,"Killeen, Kiringa, Yeap",2022,https://doi.org/10.1145/3530991
"A Comprehensive Survey on Interoperability for IIoT: Taxonomy, Standards, and Future Directions","Hazra, Adhikari",2021,https://doi.org/10.1145/3485130
Dataflow-based Control Process Identification for ICS Dataset Development,"Choi, Shin",2022,https://doi.org/10.1145/3546096.3546113
"Trend Analysis in the Development of Factories of the Future, Taking into Account Digital Transformation of Active Systems","Vlasov, Kurnosenko",2022,https://doi.org/10.1145/3487757.3490881
A review of computing offloading and caching in edge computing based on reinforcement learning,"Guo, Wang",2023,https://doi.org/10.1145/3603781.3603839
Combined Safety and Cybersecurity Testing Methodology for Autonomous Driving Algorithms,"Malayjerdi, Roberts",2022,https://doi.org/10.1145/3568160.3570235
Building Students' Digital Footprints with Blockchain in PBL Activities,"Borovskaya, Veselov",2023,https://doi.org/10.1145/3625078.3625087
A Testing Based Approach for Security Analysis of Smart Semiconductor Systems,"Dodge, Pedrielli, Jevtić",2024,
Simulation in Digital Enterprises,Kuehn,2019,https://doi.org/10.1145/3307363.3307370
Building a hardware-in-the-loop (HiL) digital energy station infrastructure for cyber operation resiliency testing,Jørgensen,2022,https://doi.org/10.1145/3524489.3527299
"Service Computing for Industry 4.0: State of the Art, Challenges, and Research Opportunities","Siqueira, Davis",2021,https://doi.org/10.1145/3478680
Attacking Power Grid Substations: An Experiment Demonstrating How to Attack the SCADA Protocol IEC 60870-5-104,"Erdődi, Kaliyar",2022,https://doi.org/10.1145/3538969.3544475
(Do not) trust in ecosystems,"Cioroaica, Kuhn",2019,https://doi.org/10.1109/ICSE-NIER.2019.00011
Stealthy Rootkit Attacks on Cyber-Physical Microgrids: Poster,"Rath, Zografopoulos",2021,https://doi.org/10.1145/3447555.3466576
Patterns for the Industrial Internet / Industrie 4.0,Bienhaus,2017,https://doi.org/10.1145/3147704.3147723
Intelligent Wearable Systems: Opportunities and Challenges in Health and Sports,"Yang, Amin, Shihada",2024,https://doi.org/10.1145/3648469
Simulating Energy and Security Interactions in Semiconductor Manufacturing: Insights from the Intel Minifab Model,"Weaver, Shusko",2023,
Supporting vPLC Networking over TSN with Kubernetes in Industry 4.0,"Rosa, Garbugli",2023,https://doi.org/10.1145/3609389.3610566
PRAETORIAN: A Framework for the Protection of Critical Infrastructures from advanced Combined Cyber and Physical Threats,Papadopoulos,2023,https://doi.org/10.1145/3600160.3605030
EnCyCriS '22: Proceedings of the 3rd International Workshop on Engineering and Cybersecurity of Critical Systems,No authors,2022,
Machine Learning in Metaverse Security: Current Solutions and Future Challenges,"Otoum, Gottimukkala",2024,https://doi.org/10.1145/3654663
Smart Services Implementation in Smart Cities: A Comprehensive Review of State-of-the-art Technologies,Arin,2023,https://doi.org/10.1145/3603955.3603971
Will the metaverse be out of control? Addressing the ethical and governance implications of a developing virtual society,Effing,2024,https://doi.org/10.1145/3674148
TAS '23: Proceedings of the First International Symposium on Trustworthy Autonomous Systems,No authors,2023,
"Empowering People in Human-Robot Collaboration: Why, How, When, and for Whom","Johansen, Senaratne",2024,https://doi.org/10.1145/3638380.3638442
Distributed Approaches to Supply Chain Simulation: A Review,"Mustafee, Katsaliaki",2021,https://doi.org/10.1145/3466170
Empowering People in Human-Robot Collaboration: Bringing Together and Synthesising Perspectives,"Johansen, Senaratne",2023,https://doi.org/10.1145/3572921.3572955
Trustworthy Swarms,"Wilson, Chance",2023,https://doi.org/10.1145/3597512.3599705
A Survey on Collaborative Learning for Intelligent Autonomous Systems,Anjos,2023,https://doi.org/10.1145/3625544
Special Session: Digital Technologies for Sustainability: Research Challenges and Opportunities,"Pop, Graulund",2024,https://doi.org/10.1145/3607888.3608960
Towards systematic honeytoken fingerprinting,"Srinivasa, Pedersen",2021,https://doi.org/10.1145/3433174.3433599
"Security Threats, Countermeasures, and Challenges of Digital Supply Chains","Hammi, Zeadally",2023,https://doi.org/10.1145/3588999
NEMO: Building the Next Generation Meta Operating System,Chochliouros,2023,https://doi.org/10.1145/3624486.3624504
HRI '24: Companion of the 2024 ACM/IEEE International Conference on Human-Robot Interaction,"Grollman, Broadbent",2024,
Improving Visual Search Tasks by Bending the Virtual City Twins: A Preliminary Study in Virtual Reality,"Zhang, Xi, Adcock",2022,https://doi.org/10.1145/3520495.3520528
SenSys '22: Proceedings of the 20th ACM Conference on Embedded Networked Sensor Systems,"Gummeson, Lee",2023,
AMULET: a Mutation Language Enabling Automatic Enrichment of SysML Models,"Sultan, Frénot",2023,https://doi.org/10.1145/3624583
IIoT-NETs '23: Proceedings of the 1st Workshop on Enhanced Network Techniques and Technologies for the Industrial IoT to Cloud Continuum,No authors,2023,
Cyber Efficiency and Cyber Resilience,"Linkov, Ligo",2023,https://doi.org/10.1145/3549073
HRI '24: Proceedings of the 2024 ACM/IEEE International Conference on Human-Robot Interaction,"Grollman, Broadbent",2024,
CPSS '23: Proceedings of the 9th ACM Cyber-Physical System Security Workshop,"Roman, Ahmed",2023,
icWCSN '23: Proceedings of the 2023 10th International Conference on Wireless Communication and Sensor Networks,No authors,2023,
SEAMS '24: Proceedings of the 19th International Symposium on Software Engineering for Adaptive and Self-Managing Systems,"Baresi, Ma, Pasquale",2024,
Detecting a Complex Attack Scenario in an Airport: The PRAETORIAN Framework,"Schauer, Hadjina",2023,https://doi.org/10.1145/3600160.3605095
"A Systematic Literature Review of Blockchain Technology: Applications Fields, Platforms, and Consensus Protocols","Estrada, Naranjo",2024,https://doi.org/10.1145/3638584.3638632
Digital platforms for industrial clusters and enterprises: essence and structure,"Babkin, Tashenova",2021,https://doi.org/10.1145/3444465.3444486
Tutorial on means of hybrid simulation,"Eldabi, Tako",2020,
ICAAI '23: Proceedings of the 2023 7th International Conference on Advances in Artificial Intelligence,No authors,2024,
"ARIC 2021 Workshop Report: The 4th ACM SIGSPATIAL International Workshop on Advances in Resilient and Intelligent Cities: Virtual, Online, USA - November 2, 2021","Kar, Mohebbi",2022,https://doi.org/10.1145/3578484.3578489
Open challenges for Machine Learning based Early Decision-Making research,"Bondu, Achenchabe",2022,https://doi.org/10.1145/3575637.3575643
ISEC '24: Proceedings of the 17th Innovations in Software Engineering Conference,"Chakrabarti, Rastogi",2024,
WSC '23: Proceedings of the Winter Simulation Conference,No authors,2024,
BSCI '23: Proceedings of the 5th ACM International Symposium on Blockchain and Secure Critical Infrastructure,"Gai, Choo",2023,
"ARES '22: Proceedings of the 17th International Conference on Availability, Reliability and Security",No authors,2022,
Web3D '23: Proceedings of the 28th International ACM Conference on 3D Web Technology,"Moreno, Jaspe-Villanueva",2023,
DAIS Project - Distributed Artificial Intelligence Systems: Objectives and Challenges,"Balador, Sinaei",2023,https://doi.org/10.1145/3591335.3591348
"ARES '23: Proceedings of the 18th International Conference on Availability, Reliability and Security",No authors,2023,
STAFFER: Skill Training Alliance for the Future European Rail System✱,"Mouelhi, Consilvio",2023,https://doi.org/10.1145/3578837.3578886
IC3-2023: Proceedings of the 2023 Fifteenth International Conference on Contemporary Computing,No authors,2023,
ICIT '22: Proceedings of the 2022 10th International Conference on Information Technology: IoT and Smart City,No authors,2023,
AIMSCM '23: Proceedings of the 2023 International Conference on AI and Metaverse in Supply Chain Management,No authors,2024,
ICDSP '23: Proceedings of the 2023 7th International Conference on Digital Signal Processing,No authors,2023,
Survey of automation practices in model-driven development and operations,"Ponsard, Ramon",2022,https://doi.org/10.1145/3528228.3528405
ICFNDS '22: Proceedings of the 6th International Conference on Future Networks & Distributed Systems,No authors,2023,
VaMoS '24: Proceedings of the 18th International Working Conference on Variability Modelling of Software-Intensive Systems,"Kehrer, Huchard",2024,
Distributed Ledger Technologies for Car Industry 4.0,Zivic,2020,https://doi.org/10.1145/3418994.3418998
Artificial Intelligence for Web 3.0: A Comprehensive Survey,"Shen, Tan",2024,https://doi.org/10.1145/3657284
ISEC '23: Proceedings of the 16th Innovations in Software Engineering Conference,"Agarwal, Roychoudhury",2023,
"BuildSys '23: Proceedings of the 10th ACM International Conference on Systems for Energy-Efficient Buildings, Cities, and Transportation",No authors,2023,
Transforming a large medical organization towards speed and flow,Jachmann,2019,https://doi.org/10.1109/SEH.2019.00010
GNNet '23: Proceedings of the 2nd on Graph Neural Networking Workshop 2023,"Barlet-Ros, Casas",2023,
Addressing Data Challenges to Drive the Transformation of Smart Cities,"Gilman, Bugiotti",2024,https://doi.org/10.1145/3663482
No Pie in the (Digital) Sky: Co-Imagining the Food Metaverse,"Covaci, Alhasan",2023,https://doi.org/10.1145/3544548.3581305
Accelerating Digital Transformation of the Russian Industry and Trade,Komissarova,2021,https://doi.org/10.1145/3446434.3446472
A data processing pipeline for cyber-physical risk assessments of municipal supply chains,Weaver,2022,
"BDCAT '23: Proceedings of the IEEE/ACM 10th International Conference on Big Data Computing, Applications and Technologies","Rana, Villari",2024,
"AISNS '23: Proceedings of the 2023 International Conference on Artificial Intelligence, Systems and Network Security",No authors,2024,
SIGSIM-PADS '24: Proceedings of the 38th ACM SIGSIM Conference on Principles of Advanced Discrete Simulation,"Loper, Pellegrini",2024,
CSCS '22: Proceedings of the 6th ACM Computer Science in Cars Symposium,"Brücher, Krauß",2022,
SPBPU IDE '21: Proceedings of the 3rd International Scientific Conference on Innovations in Digital Economy,No authors,2022,
Conference Reports,Dennis,2024,https://doi.org/10.1145/3655032.3655034
Variability of safety risks in production environments,"Dhungana, Haselböck",2022,https://doi.org/10.1145/3546932.3547074
ARCH: Automatic Roaming-contract Handler for Seamless 6G System to Provide Trusted and Highly Available Network Access,"Tēnn, Ho",2023,https://doi.org/10.1145/3570361.3615728
Dependability in edge computing,Bagchi,2019,https://doi.org/10.1145/3362068
HOTMOBILE '24: Proceedings of the 25th International Workshop on Mobile Computing Systems and Applications,"Davies, Xu",2024,
Expressive and Systematic Risk Assessments with Instance-Centric Threat Models,"Verreydt, Landuyt",2023,https://doi.org/10.1145/3555776.3577668
"Piloting Smart City Solutions in Very Small, Small and Medium-sized Municipalities. The Estonian case study.","Sarv, Soe",2022,https://doi.org/10.1145/3560107.3560179
dg.o '23: Proceedings of the 24th Annual International Conference on Digital Government Research,"Cid, Sabatini",2023,
PETRA '23: Proceedings of the 16th International Conference on PErvasive Technologies Related to Assistive Environments,No authors,2023,
"ISMSI '23: Proceedings of the 2023 7th International Conference on Intelligent Systems, Metaheuristics & Swarm Intelligence",No authors,2023,
"Ten regulatory principles to scaffold the design, manufacture, and use of trustworthy autonomous systems, illustrated in a maritime context","Horne, Law-Walsh",2023,https://doi.org/10.1145/3597512.3599701
Digitalization tools in ensuring the efficiency of the enterprise activity,Lazarevna,2020,https://doi.org/10.1145/3388984.3390641
PCI '22: Proceedings of the 26th Pan-Hellenic Conference on Informatics,"Karanikolas, Troussas",2023,
ICSE-Companion '24: Proceedings of the 2024 IEEE/ACM 46th International Conference on Software Engineering: Companion Proceedings,"Paiva, Abreu",2024,
"Conceptual Modeling: Topics, Themes, and Technology Trends","Storey, Lukyanenko",2023,https://doi.org/10.1145/3589338
Building a Resilient and Sustainable Grid: A Study of Challenges and Opportunities in AI for Smart Virtual Power Plants,"Islam, Vu",2024,https://doi.org/10.1145/3603287.3651202
Hybrid conceptual modeling for simulation: an ontology approach during covid-19,"Saleh, Bell, Sulaiman",2022,
"ESAAM '23: Proceedings of the 3rd Eclipse Security, AI, Architecture and Modelling Conference on Cloud to Edge Continuum",No authors,2023,
Answers Begin to Surface to Deep Earth Puzzles,Edwards,2024,https://doi.org/10.1145/3640478
"BuildSys '22: Proceedings of the 9th ACM International Conference on Systems for Energy-Efficient Buildings, Cities, and Transportation",Ortiz,2022,
APIT '23: Proceedings of the 2023 5th Asia Pacific Information Technology Conference,No authors,2023,
CSSE '22: Proceedings of the 5th International Conference on Computer Science and Software Engineering,No authors,2022,
Research on the innovative integration application of metaverse and education,"Weng, Wei, Li",2023,https://doi.org/10.1145/3599640.3599660
AIBDF '23: Proceedings of the 2023 3rd Guangdong-Hong Kong-Macao Greater Bay Area Artificial Intelligence and Big Data Forum,No authors,2024,
CEEeGov '23: Proceedings of the Central and Eastern European eDem and eGov Days 2023,No authors,2023,
Increasing efficiency of management responses in industrial enterprises with implementation of digital monitoring systems,"Nekrasova, Alekseeva",2022,https://doi.org/10.1145/3527049.3527120
"ICBAR '23: Proceedings of the 2023 3rd International Conference on Big Data, Artificial Intelligence and Risk Management",No authors,2024,
How Metaverse is Affecting Smart Cities Economy,"Chatzopoulou, Tsoutsa, Fitsilis",2024,https://doi.org/10.1145/3635059.3635099
IMMS '23: Proceedings of the 2023 6th International Conference on Information Management and Management Science,No authors,2023,
RACS '23: Proceedings of the 2023 International Conference on Research in Adaptive and Convergent Systems,No authors,2023,
Deep Clustering Algorithm for Load Profile Business Intelligence Dashboard for Consumer and Utility Management,Veloso,2024,https://doi.org/10.1145/3658321.3658368
PETRA '24: Proceedings of the 17th International Conference on PErvasive Technologies Related to Assistive Environments,No authors,2024,
ICEMC '22: Proceedings of the 2022 International Conference on E-business and Mobile Commerce,No authors,2022,
ICICM '22: Proceedings of the 12th International Conference on Information Communication and Management,No authors,2022,
SIGSIM-PADS '23: Proceedings of the 2023 ACM SIGSIM Conference on Principles of Advanced Discrete Simulation,"Loper, Jin",2023,
An algorithmic method for business process reengineering and service automation in the public sector,"Charalabidis, Lachana",2023,https://doi.org/10.1145/3614321.3614336
ICIMMI '22: Proceedings of the 4th International Conference on Information Management & Machine Intelligence,No authors,2023,
CNML '23: Proceedings of the 2023 International Conference on Communication Network and Machine Learning,No authors,2024,
ARTMAN '23: First Workshop on Recent Advances in Resilient and Trustworthy ML Systems in Autonomous Networks,"Blanc, Takahashi",2023,https://doi.org/10.1145/3576915.3624027
ICRSA '22: Proceedings of the 2022 5th International Conference on Robot Systems and Applications,No authors,2022,
EuroSec '24: Proceedings of the 17th European Workshop on Systems Security,No authors,2024,
ICCDA '23: Proceedings of the 2023 7th International Conference on Computing and Data Analysis,No authors,2023,
AVI '24: Proceedings of the 2024 International Conference on Advanced Visual Interfaces,"Conati, Torre, Volpe",2024,
CSAI '23: Proceedings of the 2023 7th International Conference on Computer Science and Artificial Intelligence,No authors,2024,
Modeling & simulation in systems engineering: a survey course,"Loper, Bronston",2020,
Cloud Computing Curriculum: Developing Exemplar Modules for General Course Inclusion,"Adams, Hainey",2020,https://doi.org/10.1145/3437800.3439206
A Framework for User-Centric Visualisation of Blockchain Transactions in Critical Infrastructure,"Jeyakumar, Ko",2023,https://doi.org/10.1145/3594556.3594624
The long road ahead to transition to post-quantum cryptography,LaMacchia,2021,https://doi.org/10.1145/3498706
IDEAS '23: Proceedings of the 27th International Database Engineered Applications Symposium,"Chbeir, Ivanovic",2023,
ICSE '23: Proceedings of the 45th International Conference on Software Engineering: Companion Proceedings,Grundy,2023,
FAIML '23: Proceedings of the 2023 International Conference on Frontiers of Artificial Intelligence and Machine Learning,No authors,2024,
BDEIM '23: Proceedings of the 2023 4th International Conference on Big Data Economy and Information Management,No authors,2024,
ACM SE '24: Proceedings of the 2024 ACM Southeast Conference,"Lo, Gamess",2024,
SAC '23: Proceedings of the 38th ACM/SIGAPP Symposium on Applied Computing,"Hong, Lanperne",2023,
GoodIT '23: Proceedings of the 2023 ACM Conference on Information Technology for Social Good,No authors,2023,
ICIMMI '23: Proceedings of the 5th International Conference on Information Management & Machine Intelligence,"Goyal, Kumar",2024,
PCI '23: Proceedings of the 27th Pan-Hellenic Conference on Progress in Computing and Informatics,Karanikolas,2024,
Do we need a national research agenda for modeling and simulation?,"Tolk, Balci",2015,
"PCCNT '23: Proceedings of the 2023 International Conference on Power, Communication, Computing and Networking Technologies",No authors,2024,
Trust Issues: Discrepancies in Trustworthy AI Keywords Use in Policy and Research,"Toney, Curlee",2024,https://doi.org/10.1145/3630106.3659035
Academic Mindtrek '22: Proceedings of the 25th International Academic Mindtrek Conference,No authors,2022,
APNet '22: Proceedings of the 6th Asia-Pacific Workshop on Networking,No authors,2023,
EITCE '22: Proceedings of the 2022 6th International Conference on Electronic Information Technology and Computer Engineering,No authors,2023,
ICEGOV '23: Proceedings of the 16th International Conference on Theory and Practice of Electronic Governance,"Getschko, Lindgren",2023,
MuC '23: Proceedings of Mensch und Computer 2023,"Stolze, Loch",2023,
"MobiHoc '23: Proceedings of the Twenty-fourth International Symposium on Theory, Algorithmic Foundations, and Protocol Design for Mobile Networks and Mobile Computing","Wu, Subramaniam, Ji",2023,
UbiComp/ISWC '23 Adjunct: Adjunct Proceedings of the 2023 ACM International Joint Conference on Pervasive and Ubiquitous Computing & the 2023 ACM International Symposium on Wearable Computing,"Tentori, Weibel",2023,
ICETC '22: Proceedings of the 14th International Conference on Education Technology and Computers,No authors,2023,
ICEGOV '22: Proceedings of the 15th International Conference on Theory and Practice of Electronic Governance,"Amaral, Soares",2022,
GNNet '22: Proceedings of the 1st International Workshop on Graph Neural Networking,"Barlet-Ros, Casas",2022,
MSIE '23: Proceedings of the 2023 5th International Conference on Management Science and Industrial Engineering,No authors,2023,
MUM '23: Proceedings of the 22nd International Conference on Mobile and Ubiquitous Multimedia,"Michahelles, Knierim",2023,
DRAGON: Deep Reinforcement Learning for Autonomous Grid Operation and Attack Detection,"Landen, Chung",2022,https://doi.org/10.1145/3564625.3567969
ICFET '23: Proceedings of the 2023 9th International Conference on Frontiers of Educational Technologies,No authors,2023,
ICMLC '23: Proceedings of the 2023 15th International Conference on Machine Learning and Computing,No authors,2023,
Digital Space Economic Transformation Design: An Innovation Ecosystem Approach,Suksa-Ngiam,2023,https://doi.org/10.1145/3628454.3630589
IMX '24: Proceedings of the 2024 ACM International Conference on Interactive Media Experiences,"Rostami, McMillan",2024,
Do You Need a Distributed Ledger Technology Interoperability Solution?,"Belchior, Riley",2023,https://doi.org/10.1145/3564532
FSE 2024: Companion Proceedings of the 32nd ACM International Conference on the Foundations of Software Engineering,d'Amorim,2024,
ICITEE '22: Proceedings of the 5th International Conference on Information Technologies and Electrical Engineering,No authors,2023,
"MobiSys '23: Proceedings of the 21st Annual International Conference on Mobile Systems, Applications and Services","Nurmi, Hui",2023,
CNSM '22: Proceedings of the 18th International Conference on Network and Service Management,Charalambides,2023,
UCC '23: Proceedings of the IEEE/ACM 16th International Conference on Utility and Cloud Computing,"Rana, Villari, Fu",2024,
AISS '22: Proceedings of the 4th International Conference on Advanced Information Science and System,No authors,2023,
AICCC '23: Proceedings of the 2023 6th Artificial Intelligence and Cloud Computing Conference,No authors,2024,
ACM TURC '23: Proceedings of the ACM Turing Award Celebration Conference - China 2023,No authors,2023,
ICDCN '23: Proceedings of the 24th International Conference on Distributed Computing and Networking,No authors,2023,
ICCMS '23: Proceedings of the 2023 15th International Conference on Computer Modeling and Simulation,No authors,2023,
MISNC '22: Proceedings of the 9th Multidisciplinary International Social Networks Conference,No authors,2022,
e-Energy '24: Proceedings of the 15th ACM International Conference on Future and Sustainable Energy Systems,No authors,2024,
AHs '23: Proceedings of the Augmented Humans International Conference 2023,"Ward, McGill, Marky",2023,
ASIA CCS '23: Proceedings of the 2023 ACM Asia Conference on Computer and Communications Security,"Liu, Xiang, Nepal",2023,
EASE '24: Proceedings of the 28th International Conference on Evaluation and Assessment in Software Engineering,No authors,2024,
CSAE '23: Proceedings of the 7th International Conference on Computer Science and Application Engineering,"Emrouznejad, Yue, Jiang",2023,
GoodIT '22: Proceedings of the 2022 ACM Conference on Information Technology for Social Good,No authors,2022,
ICMLCA '23: Proceedings of the 2023 4th International Conference on Machine Learning and Computer Application,No authors,2024,
ICCIR '22: Proceedings of the 2022 2nd International Conference on Control and Intelligent Robotics,No authors,2022,
ICETT '23: Proceedings of the 9th International Conference on Education and Training Technologies,No authors,2023,
ICIEAI '23: Proceedings of the 2023 International Conference on Information Education and Artificial Intelligence,No authors,2024,
IDC '24: Proceedings of the 23rd Annual ACM Interaction Design and Children Conference,No authors,2024,
ACSAC '22: Proceedings of the 38th Annual Computer Security Applications Conference,No authors,2022,
ASPDAC '22: Proceedings of the 27th Asia and South Pacific Design Automation Conference,Wang,2024,
MISNC '23: Proceedings of the 10th Multidisciplinary International Social Networks Conference,No authors,2023,
WebMedia '22: Proceedings of the Brazilian Symposium on Multimedia and the Web,Silva,2022,
ICIBE '23: Proceedings of the 2023 9th International Conference on Industrial and Business Engineering,No authors,2023,
EITCE '23: Proceedings of the 2023 7th International Conference on Electronic Information Technology and Computer Engineering,No authors,2024,
ICMHI '23: Proceedings of the 2023 7th International Conference on Medical and Health Informatics,No authors,2023,
ICISE '23: Proceedings of the 2023 8th International Conference on Information Systems Engineering,No authors,2024,
"CECCT '23: Proceedings of the 2023 International Conference on Electronics, Computers and Communication Technology",No authors,2024,
"ACAI '23: Proceedings of the 2023 6th International Conference on Algorithms, Computing and Artificial Intelligence",No authors,2024,
ICITEE '23: Proceedings of the 6th International Conference on Information Technologies and Electrical Engineering,No authors,2024,
ICCTA '23: Proceedings of the 2023 9th International Conference on Computer Technology Applications,No authors,2023,
"RICAI '22: Proceedings of the 2022 4th International Conference on Robotics, Intelligent Control and Artificial Intelligence",No authors,2023,
AutomotiveUI '23 Adjunct: Adjunct Proceedings of the 15th International Conference on Automotive User Interfaces and Interactive Vehicular Applications,No authors,2023,
WSSE '23: Proceedings of the 2023 5th World Symposium on Software Engineering,No authors,2023,
dg.o '24: Proceedings of the 25th Annual International Conference on Digital Government Research,"Liao, Cid",2024,
"IC4E '23: Proceedings of the 2023 14th International Conference on E-Education, E-Business, E-Management and E-Learning",No authors,2023,
ICAICE '23: Proceedings of the 4th International Conference on Artificial Intelligence and Computer Engineering,No authors,2024,
SOICT '23: Proceedings of the 12th International Symposium on Information and Communication Technology,No authors,2023,
OzCHI '21: Proceedings of the 33rd Australian Conference on Human-Computer Interaction,"Buchanan, Davis",2022,
SIGSPATIAL '22: Proceedings of the 30th International Conference on Advances in Geographic Information Systems,"Renz, Sarwat",2022,
ICCSMT '23: Proceedings of the 2023 4th International Conference on Computer Science and Management Technology,No authors,2024,
ICBDE '23: Proceedings of the 2023 6th International Conference on Big Data and Education,No authors,2023,
ICBCT '23: Proceedings of the 2023 5th International Conference on Blockchain Technology,No authors,2024,
ICSE-SEIP '23: Proceedings of the 45th International Conference on Software Engineering: Software Engineering in Practice,"Liu, Muccini",2023,
DIS '24 Companion: Companion Publication of the 2024 ACM Designing Interactive Systems Conference,"Vallgårda, Jönsson",2024,
ESSE '22: Proceedings of the 2022 European Symposium on Software Engineering,No authors,2023,
AST '24: Proceedings of the 5th ACM/IEEE International Conference on Automation of Software Test (AST 2024),"Lonetti, Guerriero",2024,
MMAsia '23: Proceedings of the 5th ACM International Conference on Multimedia in Asia,"Cheng, Chu",2024,
Mindtrek '23: Proceedings of the 26th International Academic Mindtrek Conference,No authors,2023,
ESEC/FSE 2022: Proceedings of the 30th ACM Joint European Software Engineering Conference and Symposium on the Foundations of Software Engineering,"Roychoudhury, Cadar",2022,
APCORISE '21: Proceedings of the 4th Asia Pacific Conference on Research in Industrial and Systems Engineering,"Ardi, Moeis",2022,
ICETM '22: Proceedings of the 2022 5th International Conference on Education Technology Management,No authors,2023,
ESEC/FSE 2023: Proceedings of the 31st ACM Joint European Software Engineering Conference and Symposium on the Foundations of Software Engineering,"Chandra, Blincoe, Tonella",2023,
"TEI '24: Proceedings of the Eighteenth International Conference on Tangible, Embedded, and Embodied Interaction","Ciolfi, Hogan",2024,
ICEMT '23: Proceedings of the 7th International Conference on Education and Multimedia Technology,No authors,2023,
SoICT '22: Proceedings of the 11th International Symposium on Information and Communication Technology,No authors,2022,
ICMI '22: Proceedings of the 2022 International Conference on Multimodal Interaction,"Tumuluri, Sebe",2022,
IAIT '23: Proceedings of the 13th International Conference on Advances in Information Technology,No authors,2023,
ICISS '22: Proceedings of the 5th International Conference on Information Science and Systems,No authors,2022,
ICEEL '22: Proceedings of the 2022 6th International Conference on Education and E-Learning,No authors,2023,
AIMLSystems '23: Proceedings of the Third International Conference on AI-ML Systems,No authors,2024,
"ICCVIT '23: Proceedings of the 2023 International Conference on Computer, Vision and Intelligent Technology",No authors,2023,
"ICEME '23: Proceedings of the 2023 14th International Conference on E-business, Management and Economics",No authors,2023,
ACM MobiCom '23: Proceedings of the 29th Annual International Conference on Mobile Computing and Networking,"Costa, Widmer",2023,
SUI '23: Proceedings of the 2023 ACM Symposium on Spatial User Interaction,"Huang, Sra",2023,
ICSE-SEIP '24: Proceedings of the 46th International Conference on Software Engineering: Software Engineering in Practice,"Paiva, Abreu",2024,
ISPD '24: Proceedings of the 2024 International Symposium on Physical Design,"Jiang, Posser",2024,
ICSE '24: Proceedings of the IEEE/ACM 46th International Conference on Software Engineering,"Paiva, Abreu",2024,
"UMAP Adjunct '24: Adjunct Proceedings of the 32nd ACM Conference on User Modeling, Adaptation and Personalization",No authors,2024,
e-Energy '23: Proceedings of the 14th ACM International Conference on Future Energy Systems,No authors,2023,
IUI '24 Companion: Companion Proceedings of the 29th International Conference on Intelligent User Interfaces,No authors,2024,
WWW '19: Companion Proceedings of The 2019 World Wide Web Conference,"Liu, White",2019,
CHItaly '23: Proceedings of the 15th Biannual Conference of the Italian SIGCHI Chapter,"Gena, Russis",2023,
CHI EA '23: Extended Abstracts of the 2023 CHI Conference on Human Factors in Computing Systems,"Schmidt, Väänänen",2023,
Internetware '23: Proceedings of the 14th Asia-Pacific Symposium on Internetware,"Mei, Lv, Jin",2023,
DSAI '22: Proceedings of the 10th International Conference on Software Development and Technologies for Enhancing Accessibility and Fighting Info-exclusion,No authors,2023,
CHI EA '21: Extended Abstracts of the 2021 CHI Conference on Human Factors in Computing Systems,"Kitamura, Quigley",2021,
ICMLC '24: Proceedings of the 2024 16th International Conference on Machine Learning and Computing,No authors,2024,
OzCHI '23: Proceedings of the 35th Australian Computer-Human Interaction Conference,"Bowen, Pantidi",2024,
GECCO '24: Proceedings of the Genetic and Evolutionary Computation Conference,"Li, Handl",2024,
CHI '23: Proceedings of the 2023 CHI Conference on Human Factors in Computing Systems,"Schmidt, Väänänen",2023,
IVA '23: Proceedings of the 23rd ACM International Conference on Intelligent Virtual Agents,"Lugrin, Latoschik",2023,
CHI EA '24: Extended Abstracts of the 2024 CHI Conference on Human Factors in Computing Systems,"Mueller, Kyburz",2024,
CHI '24: Proceedings of the CHI Conference on Human Factors in Computing Systems,"Mueller, Kyburz",2024,
CHI '21: Proceedings of the 2021 CHI Conference on Human Factors in Computing Systems,"Kitamura, Quigley",2021,
ICPP Workshops '23: Proceedings of the 52nd International Conference on Parallel Processing Workshops,No authors,2023,
"UMAP '23 Adjunct: Adjunct Proceedings of the 31st ACM Conference on User Modeling, Adaptation and Personalization",No authors,2023,
ETRA '23: Proceedings of the 2023 Symposium on Eye Tracking Research and Applications,"Kasneci, Shic",2023,
C&T '23: Proceedings of the 11th International Conference on Communities and Technologies,"Wolff, Siemon",2023,
ICEEL '23: Proceedings of the 2023 7th International Conference on Education and E-Learning,No authors,2024,
CODS-COMAD '23: Proceedings of the 6th Joint International Conference on Data Science & Management of Data (10th ACM IKDD CODS and 28th COMAD),No authors,2023,
ICMI '23 Companion: Companion Publication of the 25th International Conference on Multimodal Interaction,"André, Chetouani",2023,
OzCHI '22: Proceedings of the 34th Australian Conference on Human-Computer Interaction,Sweetser,2023,
"SC-W '23: Proceedings of the SC '23 Workshops of The International Conference on High Performance Computing, Network, Storage, and Analysis",No authors,2023,
PEARC '23: Practice and Experience in Advanced Research Computing 2023: Computing for the Common Good,"Sinkovits, Romanella",2023,
SOSP '23: Proceedings of the 29th Symposium on Operating Systems Principles,"Flinn, Seltzer",2023,
GECCO '23 Companion: Proceedings of the Companion Conference on Genetic and Evolutionary Computation,"Silva, Paquete",2023,
"FAccT '24: Proceedings of the 2024 ACM Conference on Fairness, Accountability, and Transparency",No authors,2024,
ACM SIGCOMM '23: Proceedings of the ACM SIGCOMM 2023 Conference,"Schulzrinne, Misra",2023,
CUI '23: Proceedings of the 5th International Conference on Conversational User Interfaces,"Lee, Munteanu",2023,
UIST '23: Proceedings of the 36th Annual ACM Symposium on User Interface Software and Technology,"Follmer, Han",2023,
IUI '23: Proceedings of the 28th International Conference on Intelligent User Interfaces,No authors,2023,
"SC '23: Proceedings of the International Conference for High Performance Computing, Networking, Storage and Analysis","Arnold, Badia",2023,
CSCW '23 Companion: Companion Publication of the 2023 Conference on Computer Supported Cooperative Work and Social Computing,"Fiesler, Terveen",2023,
